{"cameraMode":{"drawMode":0,"name":"Shaded","section":"Shading Mode"},"sceneLighting":true,"audioPlay":false,"sceneViewState":{"showFog":false,"showMaterialUpdate":false,"showSkybox":false,"showFlares":false,"showImageEffects":false,"showParticleSystems":false},"in2DMode":false,"pivot":{"x":438.0888671875,"y":192.8009490966797,"z":547.1804809570313},"rotation":{"x":-0.08112306147813797,"y":-0.04872192442417145,"z":0.003970329184085131,"w":-0.9955063462257385},"size":715.4628295898438,"orthographic":false}